,names
0,tkersey
1,njonsson
2,bangpound
3,koconder
4,Rud5G
5,mlsj1
6,syug
7,esneko
8,neopunisher
9,jazzwang
10,fly51fly
11,fallenpegasus
12,fribeiro1
13,brase
14,chchrist
15,massimoselvi
16,ScottJWalter
17,mindcrime
18,MarceloNascimento
19,dmsbilas
20,thimslugga
21,leecardona
22,nara
23,semsphy
24,srp19
25,DaemonCahill
26,Cambera
27,riyadparvez
28,mitaka
29,ZhangYunfang
30,temosy
31,threadstonesecure
32,manuelhunziker
33,ambagasdowa
34,pedro-lima
35,alexharvey
36,josh-fisher
37,subidit
38,pdevenraj
39,nerandell
40,raghuboosetty
41,tdmalone
42,34code
43,burib
44,whn09
45,bobbyearl
46,alishir
47,ahlfors
48,bsrz
49,mailmahee
50,daefresh
51,dofstar
52,codee
53,EdZava
54,pmanolak
55,kistasi
56,firebitsbr
57,glaucodiogo
58,manjunathd
59,afonsoalban
60,rsaa
61,hvn0413
62,duxing2007
63,ste93cry
64,terran1942
65,itanoss
66,thesobercoder
67,bygbyron3
68,rickymaciel
69,KevinGimbel
70,zsp0817
71,konamo
72,voldyman
73,golf-x
74,alexjennings
75,somaditya
76,apjowen
77,usui-tk
78,dengqixing
79,Davi-He
80,godsoul
81,kumar-nitish
82,PandaBlessing
83,andyuls
84,juanjoruiz2109
85,mangualero
86,proverbs53
87,Rajivhost
88,universewrld
89,HJiefeng
90,kkpan11
91,plumcube
92,magigo
93,ahmadfaizalbh
94,flukebox
95,jakebrinkmann
96,simar1998
97,AAbasinejad
98,virtuoushub
99,huamichaelchen
100,mumblepins
101,b3nkos
102,bretdarby
103,srinitude
104,the-watchmaker
105,codinggooner
106,kimpenguin
107,weisberg
108,ace-coder
109,infinitedreams9586
110,tusharsoni08
111,hoansgithub
112,schallerala
113,alexxyjiang
114,star-fx
115,amavlyanov
116,garciparedes
117,keshabb
118,s0nlxaftrsh0ck
119,mklemann-com
120,roykalony
121,thomasdalbert
122,LavenderDaisy
123,edisona
124,Steven-Acomb
125,kevcooper
126,jodavaho
127,side9show
128,teeksingh
129,kevingrondin
130,koyashiro
131,unlitdev
132,well1791
133,mleziva
134,ykaidashov
135,anand-b
136,xGreat
137,MatterhornProject
138,tolgabuyuktanir
139,cash2059
140,rajabalaji-mp
141,vedamj01
142,jafferlin
143,rodazuero
144,JustCallMe-AK
145,Wyvernslay3r
146,gabrlyg
147,paulosiciliano
148,martinvaldivia
149,rdczhby
150,mys328
151,andrey-berenda
152,sinhang
153,Lakshmiaddepalli
154,mohamed-abdelsattar92
155,rawer886
156,thanhcsf
157,junaid109
158,bafeiyu
159,Ylmzef
160,anlexN
161,Janujan
162,fwblcz
163,djinl520
164,protyay
165,selfishprimate
166,Mwalthery
167,GregAllenSmith
168,zgover
169,avestura
170,aspindle
171,pqrsooo
172,evanshrestha
173,bos-hieu
174,sonimonish00
175,ljesparis
176,imvikramn
177,massivelivefun
178,garrettrh
179,ghishadow
180,shower1986
181,mseld
182,JasonYe88
183,seshurajup
184,xiaopizi19
185,pelamlio
186,Asavarkhul
187,ajay340
188,custadian
189,KlwntSingh
190,FelixFeliciant
191,learnerzhang
192,gamedebug
193,jonathanarodr
194,osama-ahmed
195,nir-zilberman
196,changyongyong
197,bigDP
198,WajahatSiddiqui
199,markjohnlucas
200,Vaibhav
201,manavchoudhary
202,nikolaospapachristou
203,jcarlos001
204,vslala
205,Ngel-Castro
206,dawei-wang
207,George-Petrovski
208,JeffUssing
209,edstgo
210,yxblee
211,barisates
212,ankkrish
213,pratickRoy
214,pereirakadu
215,justinsamuel92
216,dotsnangles
217,609151318
218,RyanAugust
219,igarash1
220,noid11
221,ioing
222,AruulmozhivarmanS
223,Tusharjagi
224,ivaylo-yordanov
225,emullaraj
226,mcguegi
227,nbhirud
228,fischerleon
229,UmutSERIFLER
230,zhu0823
231,Joe192168
232,LindaHaviv
233,ball582
234,dmitrykrisko
235,we1l1n
236,thangnm93
237,dongzhuoyao
238,xuelangqingkong
239,godobyte
240,chanffdavid
241,anomaly-88
242,undabah
243,aymenbelarbi
244,ashish936
245,giotramu
246,0xlkda
247,guilhermebc
248,SMBgurus
249,mate-h
250,artur-sak13
251,yorshreynoso
252,yehuizhang
253,AAdewunmi
254,Zenidog8
255,kalsyanpradeep
256,charaton
257,vonzou
258,jaymahfudy
259,maxsxu
260,keita-hino
261,KyuDounSim
262,Anirudh257
263,joaoantoniomartinsfilho
264,satyarajreddy
265,AnsonHwang86
266,anirudhbagri
267,STCYC
268,rsmelo92
269,StrangerCoug
270,keren123
271,noodanee
272,alobe
273,JadeCong
274,graceko22
275,Timotej979
276,erenaslandev
277,serhiiklenachov
278,camerondurham
279,khanhhuy288
280,gstair
281,ifbowen
282,hotsticker
283,ningfc
284,RishabhKr97
285,jiangoz
286,ardasatata
287,Murplugg
288,tanvirstreame
289,kworkbee
290,arnab-ray
291,yuriykuntsyak
292,StarDustTwinkle
293,bahadirsahin
294,SMSesay
295,jamestiotio
296,anuj97
297,yaelBrown
298,motmaytinh
299,desaidn
300,NoxGamingQC
301,aravinthakannan
302,lingjiekong
303,diohsb
304,janviyao
305,hijiki51
306,mksarge
307,pradeepkni382
308,rdnasim
309,shrinidhibarthur
310,StrangeKnowledgeIncresed
311,Austin47
312,shokriw
313,franklin-monreal
314,xxh031203
315,lossfunc
316,feapaydin
317,loumalouomega
318,garyhtou
319,d3v2null
320,msweetland
321,jrjm1111
322,mitutitu16
323,ShuhaoZQGG
324,akashsathyan
325,chrisskhoury
326,jeremychauvet
327,riturajDas
328,Logicus03
329,chinchillajared
330,isabelchaves
331,shikharsaxena98
332,flukelaster
333,rjuer
334,mussieh
335,lintsai
336,nj1787
337,rockychang7
338,hanwgyu
339,wudangqibujie
340,DihanDai
341,drewfrost
342,MUmarJaved
343,contimatteo
344,amaankulshreshtha
345,hackenbacker
346,petronem
347,my1795
348,Pzoom522
349,Tony-MK
350,nityansuman
351,hahacyd
352,wangtiechuan
353,lynmison
354,anaghkanungo7
355,RickyC0626
356,WladFrazao
357,Ming0217
358,caesar-one
359,Ishanna
360,nvspavankalyanch
361,JoeRMiller
362,devStarscream
363,nkn6294live
364,ShwetaShivangi
365,amwi04
366,pd14196
367,tychodev321
368,Baleryom
369,caitinc
370,almokhtarbr
371,andreacip
372,alexanderafanasov
373,thapaashis110
374,soccernut
375,mdobro1
376,royswale
377,saneknight
378,AnhTrieu
379,janmarkuslanger
380,morinyan
381,gujiacun
382,adileone
383,BIGChask
384,mapjx
385,fuhaoma
386,DXLZ
387,nuffQuantumSayd
388,kekemao00
389,lamsd
390,anuq
391,igorasantos
392,metaphor0
393,iashutoshtiwari
394,yaravi
395,skippermin
396,masakiasami
397,huannvttd98
398,thatbeautifuldream
399,happyqq
400,iameduardod
401,wuchunfu
402,venkate5hgunda
403,whuhxb
404,ks1990cn
405,ronnielutalo
406,Samutichev
407,jongan69
408,nmoisesp
409,tkruer
410,kayericson
411,tjolr
412,LuGO0
413,lodhik9
414,cultivate5253
415,akazyti
416,boomer2752
417,Luccasoli
418,abheesht17
419,HebaElGalad
420,himanshututeja1998
421,sevenhqj
422,AsadAmir111
423,CWHer
424,Pei1133
425,SamuelMaculuve
426,pasenchenko
427,jinjidong
428,eemailme
429,Nikronic
430,Razdeep
431,FenTheDev
432,skywalkersPadawan
433,patrick22414
434,Jiahuan-Pei
435,preciouschydo
436,johngunerli
437,akashmdkml
438,Menotron
439,smustafa75
440,nanaboat1
441,Karim-53
442,EthanC-8
443,nitinnbisht
444,ericpark123
445,5l1v3r1
446,Yulv-git
447,hexolan
448,moqsien
449,MilleniumSpark
450,sagsango
451,Programador89
452,robertgro
453,JasonMoon95
454,jackpan123
455,bshreddy
456,TsukasaSeto
457,PallaviVarandani
458,alvinlal
459,awabasher
460,Katsukiniwa
461,PMcTwist
462,hqng
463,rkv0id
464,shiminfxcvii
465,sigsant
466,celikgokhun
467,shiva0612
468,kyamashiro
469,LasVegasBilly
470,Turbocaspal
471,davnunes
472,afondiel
473,johnnyrtrentin
474,stnorbi
475,stacyrymer86
476,zero-null
477,jh9875
478,GITWHB
479,ricardosuman
480,mencarellic
481,rabbithophop
482,ftf1218
483,hirawatt
484,adilet-saken
485,marcomamprin
486,Thejuskbenny
487,nanaxumu
488,GabrielFerrante
489,tinahuang222
490,Bhavuk-Garg
491,Mzon2857
492,thiagomares
493,mjsheikh
494,anishamalde
495,TeddyCom1
496,prabhumns
497,HyunjunA
498,harishravi121
499,iamharvey
500,rahul-zomato
501,avanishvyas
502,inframarauder
503,YjqZhouxiao
504,erichlin1
505,adhamsalama
506,LuoTailong
507,sovansambath-phann
508,rkej
509,jinshuye
510,ibn-khafagah
511,kartikeytewari
512,MD-ARFIN
513,johncruyff14
514,johan-lab
515,ambanerjee
516,bzamith
517,deviknitkkr
518,Abirul
519,ranefattesingh
520,nesakobi
521,andrewdge
522,RobertConde
523,hartl3y94
524,saarthdeshpande
525,leechenze
526,Dexterzprotege
527,sandrawilczynski
528,Debarshi95
529,gauharayub
530,GowthamSk1
531,PolyVoid
532,middas-0706
533,WendyYanto
534,batuhan-basoglu
535,sangamesh-kodge
536,claudsonbarros
537,yotamnahum
538,huiminlim
539,sumukhteja
540,valtab
541,JankinTian
542,djmcclary
543,theroyakash
544,sadoreko
545,billsenxu
546,MarcoSantonastasi
547,cheungfujai
548,amadsalmon
549,infinitepower18
550,ashr4f1arr2ad
551,rgdyy
552,shayanekat
553,fellipematos
554,KlinKlinKlin
555,ishu-thakur
556,brijeshbhalodiya
557,zaaakher
558,XRLZX8
559,soumyadbanik
560,zhnzhang
561,yhf98
562,xjhofernandes
563,gauravagrwal
564,juanca-jimi
565,mapy1874
566,JohnDNC
567,zeelsheladiya
568,ImKunYoung
569,EduardHov
570,risejl
571,Soumil-Bhattacharya
572,mahmoudmohamed22
573,johnmccants002
574,samedsemihs
575,moramadan98
576,aymandarwish
577,HongLouyemeng
578,maniac1122
579,Sambit650
580,haja-fgabriel
581,kohring
582,okonri
583,leopoldoH
584,cnhuz
585,liltommy1dev
586,Wwillers
587,owini
588,amirmojarad
589,devkcud
590,RichardZj
591,nolvuscodes
592,MarcoSteinke
593,acox216
594,smy1999
595,anujchoudhary-17
596,mazrean
597,XrosLiang
598,994Simone
599,Mystic-77
600,bruno-aires
601,Jirigesi
602,imokhtar
603,ArthurAnastopulos
604,w3dg
605,guilefoylegaurav
606,plutoniumm
607,denmj
608,frankxzAmazon
609,ericwidjaja
610,mirfanaslam
611,nayeonshin
612,xiaozhiob
613,u-yas
614,smelouah
615,icqmula
616,dmascheck
617,Abhirajnow
618,sanjuchandra
619,cccaimingjian
620,anurag01a
621,masrafi115
622,sm-heard
623,agastaldellomaccomit
624,steffiypx
625,AdnanAaddi
626,MaxDeveloper16
627,leonardofoohawyang
628,tenpa007
629,gtrman97
630,MuffinAmor
631,rushilenekar20
632,soma2000-lang
633,jin-sungdae
634,Git-Codder
635,Ayush-Pujari-07
636,goillotc
637,2019-GitHub-Chu
638,chinkin707
639,frankporco
640,adithya1010
641,sametcn99
642,anubhvshrma18
643,Aditya-Khemka
644,chanwoo00106
645,FrankQixiangGao
646,alikemalozgumus
647,Codesmaster-lab
648,gwd666
649,Supriyo8799
650,Maher-RJ
651,Dajun-2019
652,stevenrsewell
653,Symon629
654,kranti2201
655,prad-j
656,jaquespavan
657,huiyouyou
658,vignesh5535
659,huai-jie
660,chrichri17
661,GessioMori
662,TylerMamrot
663,danmslamt
664,Pecorari
665,1MuhammadFarhanAslam
666,najmehn00
667,Uplift-0508
668,TatsuyaNakagoshi
669,NonymousMorlock
670,EfeAcar6431
671,akinfelami
672,avstreamdevpro
673,NaoyaTatetsu
674,mijung-in-11st
675,simonjgr
676,avadhutjc
677,MLHaddon
678,Capital-SetMawHtay
679,jcork4real
680,aditya-repos
681,spencerlepine
682,calbergs
683,yusuke-z
684,jimmysmits
685,Drag0nf1y
686,JohnDoll2023
687,ssantoshp
688,vinodpatildev
689,mmhamdy
690,VitorAkira-me
691,solfonte
692,HeroIPmonkey
693,Matt-Bulk
694,xiao-cy
695,galichy79
696,thefaheemkhan
697,Flaiers
698,avishekchy45
699,Derokkk
700,Shahna-C
701,Ethan-Ka
702,grahamwaters
703,deezeddd
704,jaymepsantos
705,mohamedhabibwork
706,anurag1504t
707,rajveer43
708,Kushan2k
709,Thilak-KN
710,katopiler
711,AesisGit
712,rafaelporfiriobarros
713,OBud75
714,yosefkiros
715,HamdanAr
716,ralintuscano
717,rhattox
718,FurkanEdizkan
719,SegaGLm
720,celso-na-teixeira
721,nilesh05apr
722,EM51641
723,seanpm2001
724,dylanhood
725,JohnPPinto
726,oss-mad
727,AHANCIT
728,sebaminaya0
729,d-t-n
730,rbuchmann77
731,Rameshraj55
732,SeifEldinMohamed
733,seungha-0709
734,SteCC
735,JoseRicardoPE
736,PhumyJS
737,yuyingjun0922
738,SHakhzodTojiyev
739,ShabbirHasan1
740,klkuogamer
741,Gopalakrishnang99
742,yagikota
743,DougRog
744,rdbender
745,uivid64
746,deevanshu-k
747,linquint
748,jeanhackpy
749,PhaedrusFlow
750,nguyen-duy-tan
751,Tpeach9474
752,KennyOliver
753,ronnieangeles
754,mahmud0v
755,carnate-tech
756,mertkilix
757,Ghost1386
758,istellaliu
759,QuantumBoy1010
760,polygonnedpotato
761,MadushanNimantha
762,Choikyudong
763,Harshi-itaSinha
764,anthowest
765,emiltervo
766,Infisrael
767,MateSousa
768,marcelozepeunam
769,canyoldas0
770,erfuun
771,madcitymultimedia
772,arunavabasu-03
773,JonathanCristovao
774,ugke
775,Gustavo-Murdiga88
776,uk-2
777,aadarsh-af
778,karthikmurakonda
779,littlelionly
780,vidda5
781,AndreiMariciuc
782,tatvil
783,michelececcacci
784,nabeelnoor
785,sherlcok314159
786,mist1024
787,elerner42
788,vedantraval2310
789,juliana-silva-hub
790,sudongyuer
791,LlandspitRunzingf
792,Westsi
793,AnmolVerma404
794,JoseLopezSolis
795,Ashish0898
796,farinaceos
797,zamoosh
798,anadeem2
799,natdosan
800,Carpe-Wang
801,cx63cc
802,ForBai
803,David7ce
804,chococandy63
805,TruongNhanNguyen
806,TheFrontlineGen
807,weiliw-amz
808,lllllllllliiiilllliiliiiilllli
809,VenuGarlapati26
810,samliu90
811,FukazawaKazushi
812,TheTrueKen
813,StephenOravec
814,sbdeveloper90
815,loupprodi
816,shirushi-dev
817,Samruddhi362
818,clearljn
819,Mairobinsky
820,pritamkpratihari
821,HenryDV
822,federicoreppucci-deliveroo
823,buiquangthanhcode
824,MJ-Tech-H
825,KendallDoesCoding
826,Shrey-Srivastava21
827,harshglory129
828,niravpi
829,Itisjigar
830,piyush31009
831,adnene-guessoum
832,Yajie-Zhang
833,huseyingirgin-eva
834,script-lab
835,ccampa896
836,Ahmedhamza1232001
837,ishika1501
838,mdzaberalhamid
839,MuziZwane
840,batz-gg
841,jmoore78
842,Sai-teja-rachamalla
843,ekaterina4952
844,KalvenDebig
845,kumartul
846,loraxoy
847,YoliswaD
848,frankpengau
849,wanjanhasan
850,ndnan
851,NickMezacapa
852,fedebayer
853,xwillxu
854,danielaiyuan
855,NavratanPatel
856,Mohammadflht
857,Tahsin411934
858,Samruddhiiii
859,fvarghese99
860,rediahmds
861,nishantb06
862,Louuuaiii
863,FelipeFama
864,sanju50201
865,marcusPrado02
866,Arshu200
867,josephmartinmoran
868,AndreCoutinhom
869,natamartins
870,sssamm1
871,techprogo
872,mgaspirc
873,SarfarajRahmn
874,Aniketchaudhary16
875,JeromeXapix
876,ClaudiaA18
877,ElizabethJoseph25
878,Manbendra2014
879,Saleheddin
880,Shahid6289
881,henry-vipnet360
882,Kishank111
883,thrashghost
884,prejin2310
885,alismask
886,rodrigommar
887,Sudhanva-Nadiger
888,ethangutknecht
889,mb4m1
890,Lucas1114
891,puppsupr
892,naji0329
893,SuperSmile0109
894,Giasinit
895,apella1
896,0laday0
897,pannacottaaaa
898,mars-aria
899,ygill
900,isaacbrendel
901,Avidlearner001
902,zagui-master
903,Ganesh972
904,marupon3910
905,Fuko-Ibuki
906,JeffreyChim
907,supbrice
908,black-mold
909,BrunoGr0883
910,tomgangwang
911,emmyoh
912,leonardonakagawa
913,chkp-bryans
914,hgnzheng
915,agurinv
916,sghost13
917,SpikyWU7
918,shashank-mishra14
919,KoolSoul
920,Naveen2334
921,IAMPARSI
922,LeonMS123
923,Angie-Zhang
924,Vladdstian
925,satayuji
926,HJPandey
927,ryanherd
928,gremsyQuanLe
929,Kenaaaaaa
930,koray-aydin
931,lchen104
932,louisphihaihoang
933,YasinAshorian
934,RahulDubey391
935,SnKToR
936,Rupesh510
937,akshit2257
938,pppppyamaP
939,Rajesh562020
940,Trik01
941,zahidhussain998
942,hemsridh
943,lowep
944,yolo102938
945,FlawlessCasual17
946,dhineshprabakaran
947,qdclub
948,asimpson0000
949,dmytrochumakov
950,thatme12
951,The-code-is-secret
952,jeremyw-dobeu
953,christine-sandbox
954,maxrathmann
955,AaronSMathew
956,FIDEL7Z
957,MirboboyevJasurjan
958,nadprime
959,aka5050
960,tori-ham
961,boscotba
962,jasonthedataguy
963,AContesini
964,julianomolinari
965,Ponthezs
966,akhmadmamirov
967,bourbakiN97
968,Myceliose
969,mil2tech
970,ad0niram
971,chrisgomad
972,looooooooy
973,Julioalvestv
974,seespike
975,penguinpottery
976,crr-bbai
977,ComprehensiveAmoeba
978,andedavd
979,WLHQ
980,manuelortizus
981,aibolu
982,MaxBryne
983,Frisek
984,shanenichols-channeladvisor
985,mircoisendu
986,soriqoo
987,romans1234
988,silviana-hs
989,risingcurve
990,rigvedp97
991,jcf170030
992,ThomasCode92
993,rsenthur
994,xmartinsbr
995,JulienCamp
996,ryan-w-roche
997,montyma-amazon
998,BryantVencil
999,Vasco-Arts
1000,AgentofPhoenix
1001,JapnoorHere
1002,Zaka123456
1003,Pulimi1991
1004,modabossymaxk
1005,Janxxxx
1006,BandhiyaHardik
1007,srdegbe
1008,pushkarcode
1009,bbazwalt
1010,Calum09
1011,TaryNascimento
1012,Itzkuldeep444
1013,rafaelgandis
1014,iamchiranjeebpanda01
1015,gsoni1
1016,aniruddhawathare
1017,Qianru69
1018,mrlizhaozhi
1019,soorajaryan007
1020,IKashCode
1021,Anmol5519
1022,bhargavbijjam
1023,BigSlum
1024,RomDev7
1025,doski22
1026,allaboutevemirolive
1027,hongbo-wei
1028,mdhumairraza
1029,Laindrion
1030,kdelcampo13
1031,Hoppeful
1032,vaddikeshavareddy
1033,MahdiCodee
1034,DonzerHD
1035,darenj456
1036,coder-nian
1037,shubmanh
1038,kybex11
1039,VasanthamHimaanshu
1040,SvipWangyh
1041,innocentc
1042,1jana0
1043,Armkas
1044,mgtian03
1045,GuilhermeeCustodio
1046,rajwadejii
1047,carlosgomezi
1048,RaviYadav02
1049,DadMouth82
1050,jvitorlk
1051,aliandead
1052,Su-Tcode
1053,gitteedara
1054,iam-back
1055,Ananya2311
1056,MaxwellNi
1057,winfredbo
1058,Xie-h-bin123
1059,Sheepdog2022
1060,Salvapazzo86
1061,Mohamed988o
1062,htiennv
1063,Shashank1407
1064,ali-fraz
1065,sbaws
1066,rany01
1067,Anis-Web
1068,Ig0rFA
1069,wshanleee
1070,ansh2903
1071,konpap-chan
1072,sudoblanc
1073,Arun-gox
1074,amitsingh2022
1075,java-oss
1076,misaelsp
1077,developer1618
1078,JaafarLezzaik
1079,AliHossam98
1080,Renpeng01
1081,shanechioa
1082,davidade300
1083,pchalise7
1084,Valliebby
1085,camilasoares045
1086,poemww
1087,Alexdon1988
1088,Svetozara3363
1089,MarcelloCordal
1090,github-world192
1091,rajeshkanugu
1092,nhathann
1093,sivalaxman07
1094,raphaelguardiano
1095,choiruddine
1096,Nithin-singiri
1097,adiibnuajat
1098,krishnagptamcs
1099,yanwei257
1100,gauravchakrxborty
1101,sergiojfsunior
1102,GiuLOCX
1103,firefitdesgns
1104,themrhoffmann
1105,mgrundwuermer
1106,Philipabao
1107,bnmbz
1108,Parvbird
1109,Olaffson
1110,Hamza-H10
1111,karthik121222
1112,timboslice832
1113,gilleswb
1114,Naruto-79
1115,aostar168
1116,tinajiang26
1117,marcosdataleal
1118,nandarshan
1119,HappyDream0317
1120,martinOofay2023
1121,gviictxr
1122,RomanGleizer
1123,josielabreu
1124,VISHALVARUN011002
1125,ColdCodedotso
1126,19raulruiz68
1127,zaim03767
1128,imishangrover
1129,wiscdn
1130,ortanaV2
1131,sks972
1132,omarhabd
1133,Kayra-Baran
1134,purushoth2603
1135,ywangire
1136,ZenShuHara
1137,chende1121
1138,TF-185
1139,Tanzimalahi
1140,VidhiS07
1141,JCOOPER5646
1142,SangaoWe
1143,Maycon-dSilva
1144,imanol-2021-12
1145,andregustavoaguiar
1146,aws-apradana
1147,choimikey
1148,yudai-shibuya
1149,datamoro
1150,Maycon-Melo
1151,lanjua5899
1152,AnnaleaLayton
1153,Xeshing
1154,notjustjoshin
1155,niveshatom11
1156,LucaMaximilianBuchwald
1157,amenihong
1158,MT-Designs
1159,ben9672
1160,Abeldsonndiku
1161,WIN1NG22
1162,GauravDevOps711
1163,paracatuatomico
1164,PatientProblemSolver
1165,the-new-fifty-two
1166,DavideSchirru17
1167,CameronScarpati
1168,adityadatta11
1169,joaovgcoelho
1170,V-AI-ML-DL-DS-PL-PYTHON-JAVA-GO-2023-0
1171,Umesh2851997
1172,Amisha-verma2907
1173,ocupadaparavc
1174,hyeonu-kim
1175,nogueiralf
1176,zactseng
1177,ricberht
1178,ChamelePhantom
1179,abolfazlhajjar
1180,Tariq-Anjum
1181,vedamjamz
1182,adminjd
1183,Zzzyyy2023
1184,Chrishargrove58
1185,Kikikickss
1186,luneto10
1187,538mansi
1188,INGVARtattoodjnWEBdev
1189,PPCXZ
1190,cvs0
1191,ZumaGr
1192,rshuba4
1193,sairavi5887
1194,ravigiri91
1195,dminduca
1196,vx-vijay
1197,hatimharrati
1198,acya-amazon
1199,niroshinimurugadas
1200,harishravi131
1201,wishspotting
1202,harishravi141
1203,harishravi151
1204,luisdavidpaz
1205,JustSouichi
1206,suncoastcloud
1207,Pranavprasadsinghs
1208,miguelkuter
1209,Pymster
1210,smart-person
1211,SavetoAI
1212,ANVESHBV
1213,tufanbil
1214,iamakachili
1215,NikolaiYYDS
1216,y-hbb
1217,HkDotPY
1218,Bishal-11
1219,guiherme-git-tec
1220,goeo1066
1221,GitHub7667
1222,arch1024
